{"initial_reset_timestamp": 1730509753.0808115, "timestamps": [1730509753.8026721, 1730509753.837297, 1730509753.8593354, 1730509753.9028301, 1730509753.9245713, 1730509753.9536166, 1730509753.9696112, 1730509753.9901152], "episode_lengths": [196, 137, 101, 166, 99, 127, 73, 92], "episode_rewards": [-149.56999831187468, -191.59602228902253, -385.60920625640154, -93.30309931522743, 99.98341634989382, -157.03990116429733, -273.37574121348007, -76.89809345358638], "episode_types": ["t", "t", "t", "t", "t", "t", "t", "t", "t"]}