{"initial_reset_timestamp": 1730509865.2943256, "timestamps": [1730509865.9481132, 1730509865.9808033, 1730509866.0015354, 1730509866.0427012, 1730509866.0627756, 1730509866.089818, 1730509866.104462, 1730509866.12328, 1730509866.6511672, 1730509866.8075175, 1730509866.9625149, 1730509867.1938531, 1730509867.3239312, 1730509867.5049207, 1730509867.681979, 1730509867.8441985, 1730509867.949987, 1730509868.0606678, 1730509868.3010323, 1730509868.4484394, 1730509868.5676787, 1730509868.8220992, 1730509868.949637, 1730509869.1034932, 1730509869.3324664, 1730509869.5921657, 1730509869.9246511, 1730509870.2020724, 1730509870.5098612, 1730509870.676605, 1730509870.777557, 1730509871.0465796, 1730509871.2951796, 1730509871.5435538, 1730509871.7356164, 1730509871.8687096, 1730509872.0133312, 1730509872.1673205, 1730509872.3289037, 1730509872.575727, 1730509872.8349292, 1730509873.065489, 1730509873.319781, 1730509873.5127852, 1730509873.6588001, 1730509873.9107964, 1730509874.0383658, 1730509874.1924293, 1730509874.3626707, 1730509874.592997, 1730509874.7776177, 1730509875.0395277, 1730509875.2354698, 1730509875.5369337, 1730509875.7757766, 1730509875.9451296, 1730509876.149826, 1730509876.7984087, 1730509877.0230012, 1730509877.389663, 1730509877.567916, 1730509877.8227518, 1730509878.1893976, 1730509878.438361, 1730509878.689595, 1730509878.927508, 1730509879.2232263, 1730509879.4827461, 1730509879.7188573, 1730509879.933738, 1730509880.1626854, 1730509880.36079, 1730509880.5381403, 1730509880.889686, 1730509882.3087025, 1730509883.3652618, 1730509883.6699514, 1730509884.2071338, 1730509886.2416599, 1730509888.2982428, 1730509890.4132638, 1730509892.382153, 1730509892.6778405, 1730509893.1613483, 1730509895.16553, 1730509895.5614882, 1730509898.0229127, 1730509900.5804398, 1730509903.2434752, 1730509905.369883, 1730509907.4538379, 1730509910.2746568, 1730509912.3318515, 1730509915.3502774, 1730509917.850565, 1730509920.0520175, 1730509922.1873653, 1730509924.5416112, 1730509927.219232, 1730509929.6374402, 1730509932.199591, 1730509934.2795842, 1730509936.454741, 1730509938.8658829, 1730509941.1204014, 1730509943.9214983, 1730509945.6193466, 1730509947.9873748, 1730509950.4318657, 1730509953.100965, 1730509954.2568228, 1730509956.3733826, 1730509957.6329546, 1730509959.7211971, 1730509960.5494277, 1730509961.4530334, 1730509963.6041613, 1730509963.8065794, 1730509966.1549435, 1730509968.5490289, 1730509969.1444874, 1730509971.6373677, 1730509973.0365021, 1730509975.3727317, 1730509975.9711049, 1730509977.4489675, 1730509980.1386018, 1730509982.9922562, 1730509984.5883448, 1730509987.1832, 1730509988.3906152, 1730509988.6248503, 1730509990.895857, 1730509993.210669, 1730509995.3894134, 1730509998.0613537, 1730510000.248658, 1730510001.7371876, 1730510003.7530856, 1730510003.9564862, 1730510006.6145785, 1730510008.9941154, 1730510010.570745, 1730510013.3414872, 1730510013.5931156, 1730510015.3777668, 1730510016.418258, 1730510018.7026162, 1730510019.9670124, 1730510022.1014478, 1730510024.8602955, 1730510026.6437306, 1730510026.8816252, 1730510029.3437119, 1730510032.0139794, 1730510032.277112, 1730510032.647096, 1730510034.8974473, 1730510036.9051623, 1730510037.627951, 1730510040.1385427, 1730510040.962161, 1730510042.8519692, 1730510043.9770365, 1730510045.2966638, 1730510046.986094, 1730510048.5311623, 1730510048.7771425, 1730510049.1036096, 1730510050.6126964, 1730510051.3847973, 1730510052.1377373, 1730510054.1855164, 1730510054.9339223, 1730510056.0576494, 1730510056.287567, 1730510057.7250035, 1730510059.9646084, 1730510061.0218635, 1730510061.6610217, 1730510062.4901683, 1730510064.748923, 1730510065.6517594, 1730510066.3437686, 1730510067.3294108, 1730510068.174208, 1730510070.2264116, 1730510072.2205296, 1730510074.5580893, 1730510075.3994467, 1730510076.2753751, 1730510077.212294, 1730510077.5577536, 1730510078.0177915, 1730510078.9366326, 1730510079.7435768, 1730510080.7867756, 1730510082.166984, 1730510082.3550735, 1730510083.6540601, 1730510084.6324446, 1730510085.4733682, 1730510086.2059216, 1730510088.2386556, 1730510088.9861, 1730510089.8478353, 1730510090.2935176, 1730510091.9646163, 1730510092.9773657, 1730510093.6473508, 1730510094.6091113, 1730510095.003926, 1730510095.8987818, 1730510097.4583743, 1730510097.9119987, 1730510099.1997745, 1730510100.4563708, 1730510101.37765, 1730510103.4731095, 1730510105.2478914, 1730510106.3447065, 1730510106.8978913, 1730510107.5593805, 1730510108.188083, 1730510108.9943616, 1730510109.7625732, 1730510110.6172855, 1730510112.992473, 1730510114.0058136, 1730510114.4423246, 1730510115.1808465, 1730510115.944559, 1730510116.7526844, 1730510117.579178, 1730510117.971562, 1730510118.7111518, 1730510120.738717, 1730510121.1402798, 1730510121.9698703, 1730510122.721822, 1730510123.659043, 1730510124.6623433, 1730510125.1390703, 1730510125.859605, 1730510128.1166246, 1730510129.5759847, 1730510130.1068351, 1730510130.4147115, 1730510131.0578673, 1730510131.3677275, 1730510131.683556], "episode_lengths": [196, 137, 101, 166, 99, 127, 73, 92, 164, 116, 115, 172, 98, 135, 131, 121, 79, 80, 169, 110, 91, 185, 96, 116, 163, 189, 231, 198, 220, 123, 77, 193, 179, 176, 139, 101, 107, 115, 117, 181, 183, 166, 182, 138, 108, 186, 95, 111, 123, 165, 130, 187, 140, 213, 168, 120, 144, 392, 159, 250, 127, 176, 254, 180, 186, 175, 210, 185, 172, 157, 157, 138, 123, 229, 763, 540, 204, 313, 999, 999, 999, 999, 193, 302, 999, 251, 999, 999, 999, 999, 999, 999, 999, 999, 999, 999, 999, 999, 999, 999, 999, 999, 999, 999, 999, 999, 685, 999, 999, 999, 576, 999, 615, 999, 427, 451, 999, 130, 999, 999, 312, 999, 677, 999, 326, 711, 999, 999, 740, 999, 579, 147, 999, 999, 999, 999, 999, 649, 999, 130, 999, 999, 742, 999, 152, 843, 523, 972, 639, 999, 999, 748, 144, 999, 999, 157, 214, 999, 956, 389, 999, 448, 836, 590, 655, 754, 742, 155, 202, 713, 432, 390, 846, 379, 591, 146, 700, 999, 563, 338, 444, 999, 442, 379, 514, 445, 985, 828, 999, 468, 487, 481, 214, 273, 475, 452, 518, 665, 121, 674, 502, 433, 402, 865, 436, 430, 263, 808, 525, 361, 525, 237, 486, 712, 268, 661, 592, 519, 988, 749, 521, 318, 366, 367, 427, 409, 489, 999, 544, 264, 426, 430, 449, 411, 231, 418, 999, 239, 459, 407, 494, 486, 280, 403, 999, 702, 312, 187, 367, 192, 195],