{"initial_reset_timestamp": 1730509642.7087078, "timestamps": [1730509643.356965, 1730509643.3894026, 1730509643.4096806, 1730509643.4505455, 1730509643.4705398, 1730509643.4972785, 1730509643.5119624, 1730509643.5306814], "episode_lengths": [196, 137, 101, 166, 99, 127, 73, 92], "episode_rewards": [-149.56999831187468, -191.59602228902253, -385.60920625640154, -93.30309931522743, 99.98341634989382, -157.03990116429733, -273.37574121348007, -76.89809345358638], "episode_types": ["t", "t", "t", "t", "t", "t", "t", "t", "t"]}