{"initial_reset_timestamp": 1730509580.490444, "timestamps": [1730509581.1466558, 1730509581.1788976, 1730509581.1990895, 1730509581.2397099, 1730509581.259641, 1730509581.2866755, 1730509581.301482, 1730509581.3202262], "episode_lengths": [196, 137, 101, 166, 99, 127, 73, 92], "episode_rewards": [-149.56999831187468, -191.59602228902253, -385.60920625640154, -93.30309931522743, 99.98341634989382, -157.03990116429733, -273.37574121348007, -76.89809345358638], "episode_types": ["t", "t", "t", "t", "t", "t", "t", "t", "t"]}